start_block,end_block,total_candidate_outputs,pruned_outputs,matching_pairs,outputs_with_match
430000,431007,421956,338361,5150976,179794
431008,432015,356391,286435,3762939,161101
432016,433023,336615,275895,3481262,173340
433024,434031,381906,306366,4207221,187481
434032,435039,373423,287795,5013815,198046
435040,436047,318692,280950,3234992,192118
436048,437055,290311,258986,2052655,167048
437056,438063,345456,305059,4893637,217506
438064,439071,280599,250885,2458768,163326
439072,440079,406475,363390,10761418,265411
440080,441087,378842,340525,5075271,233137
441088,442095,350473,291684,5790968,204752
442096,443103,292651,238736,2419018,160715
443104,444111,316748,277984,4032791,197847
444112,445119,338752,289144,3889501,199769
445120,446127,348108,306543,4032495,210428
446128,447135,441768,384842,5932496,263579
447136,448143,463418,404704,5910344,271459
448144,449151,359985,319832,4182678,209755
449152,450159,374563,336909,4245842,221455
450160,451167,407259,352908,6008560,242954
451168,452175,571897,489840,13356197,340252
452176,453183,534106,454426,11496046,305495
453184,454191,595260,512966,14069388,354125
454192,455199,604339,511649,13774429,356408
455200,456207,634204,535024,13112309,349136
456208,457215,475662,401178,9310300,271956
457216,458223,523075,443062,9263020,303613
458224,459231,427574,345266,5102172,234824
459232,460239,427948,328204,4987289,221335
460240,461247,443610,336876,6415878,240578
461248,462255,414229,311626,6949633,213195
462256,463263,398650,328969,6275669,218139
463264,464271,443008,357795,7900013,253319
464272,465279,469080,379673,8362022,277403
465280,466287,471486,389318,6649013,274364
466288,467295,412599,337859,4867906,226619
467296,468303,415064,349840,5332835,224742
468304,469311,362825,307216,3905971,189928
469312,470319,306534,258977,2341860,150453
470320,471327,305327,258508,1936387,151054
471328,472335,283854,242501,1569537,139486
472336,473343,289299,246215,1415182,134355
473344,474351,224425,192847,955545,95516
474352,475359,245668,213292,1159443,112207
475360,476367,260977,223169,1006198,119190
476368,477375,237235,203692,1241562,112814
477376,478383,253193,211746,1640867,123960
478384,479391,186993,162613,3522174,102385
479392,480399,313655,267568,11424679,183059
480400,481407,387357,335475,16578342,246108
481408,482415,355088,300366,11668110,203866
482416,483423,258640,215454,9202367,138607
483424,484431,252475,216531,9089198,138267
484432,485439,213515,179762,5877780,107632
485440,486447,172725,146066,4558095,87357
486448,487455,153863,136102,2184778,75373
487456,488463,147917,132968,573081,74504
488464,489471,153337,137735,722078,82219
489472,490479,157417,141961,754432,77311
490480,491487,154348,135810,691110,69358
491488,492495,143157,131786,704103,69138
492496,493503,140673,126029,666095,68917
493504,494511,133050,118471,804068,69454
494512,495519,109725,95185,396933,45153
495520,496527,136081,107845,505713,55315
496528,497535,136459,113227,746945,69187
497536,498543,122851,106998,585027,64721
498544,499551,114238,101467,461386,56467
499552,500559,118654,101270,506878,58893
500560,501567,91881,77288,242317,41916
501568,502575,80654,65673,166551,31527
502576,503583,104222,78189,173665,38129
503584,504591,80218,60656,151043,29671
504592,505599,66240,55030,140511,24378
505600,506607,58610,49720,145297,23981
506608,507615,52578,43946,189231,23431
507616,508623,60306,50489,194791,28355
508624,509631,51019,42872,163554,22281
509632,510639,54440,46513,173354,24282
510640,511647,52623,43578,154196,23632
511648,512655,47474,40393,138635,21762
512656,513663,54436,45802,155697,23118
513664,514671,57766,47813,201917,28056
514672,515679,55195,45307,196673,26327
515680,516687,55870,44973,178919,26611
516688,517695,47161,39517,152740,23535
517696,518703,63111,50012,344003,31603
518704,519711,69060,54024,427491,34305
519712,520719,79453,61116,402104,38887
520720,521727,73721,58003,391546,37038
521728,522735,77703,62550,523729,39760
522736,523743,67747,54870,396421,34125
523744,524751,53248,45352,291229,27969
524752,525759,59085,47870,257341,27909
525760,526767,55736,45407,228824,26835
526768,527775,68085,54830,387521,32721
527776,528783,53323,43124,221792,25115
528784,529791,57412,47634,245178,28867
529792,530799,66558,52912,451038,34012
530800,531807,62741,52423,569291,34544
531808,532815,62756,51545,397193,32955
532816,533823,61035,50436,426631,31592
533824,534831,64493,52280,409881,31667
534832,535839,63512,53568,348057,30641
535840,536847,70316,59728,349577,32262
536848,537855,61368,53651,342557,31024
537856,538863,57333,48759,325542,28054
538864,539871,69780,59350,418163,35702
539872,540879,70522,60493,382789,35781
540880,541887,69047,59358,422716,35814
541888,542895,73096,63414,872091,39698
542896,543903,63998,54722,436793,32142
543904,544911,66793,57464,525017,35131
544912,545919,80297,67140,1052712,44013
545920,546927,70828,58811,926670,39812
546928,547935,71469,58818,838445,39715
547936,548943,69558,59658,829168,40383
548944,549951,91410,78387,4091769,56035
549952,550959,96367,80867,2126306,54439
550960,551967,92615,77868,1827878,51891
551968,552975,90834,80045,5122249,54339
552976,553983,78105,70381,3593718,46074
553984,554991,85813,75872,3058579,50869
554992,555999,66699,58291,1959058,38631
556000,557007,77889,67080,2890718,48463
557008,558015,67726,58803,1884718,40186
558016,559023,92723,70215,1683563,48642
559024,560031,79859,65294,1079032,45265
560032,561039,96905,74425,1387330,53927
561040,562047,73844,63139,1105390,45177
562048,563055,58650,48633,584443,33434
563056,564063,85299,69321,1466323,49354
564064,565071,84109,71369,3652376,51071
565072,566079,89080,73740,2317299,53466
566080,567087,93900,77839,2263541,56320
567088,568095,78355,65604,2740485,45523
568096,569103,85746,73571,3213761,50947
569104,570111,95536,79821,1088373,52860
570112,571119,91085,76331,2494047,54262
571120,572127,90480,76299,2797240,56263
572128,573135,85573,71317,2030790,52831
573136,574143,82952,71747,7748722,52787
574144,575151,75474,63562,2184233,44802
575152,576159,87980,72432,1349918,52220
576160,577167,81139,68031,1873606,48531
577168,578175,73862,62541,1479490,44177
578176,579183,77217,63268,1580543,43594
579184,580191,66883,57942,2705213,40475
580192,581199,79897,66562,2186511,47469
581200,582207,78996,68220,1728887,49759
582208,583215,77083,66664,1740354,46496
583216,584223,70458,61410,1418511,42536
584224,585231,81143,71334,2386314,53779
585232,586239,76421,66972,4180656,50194
586240,587247,66038,58466,4930325,43300
587248,588255,56320,50358,1408150,36216
588256,589263,56172,50425,1108508,35807
589264,590271,53081,46245,1103585,31717
590272,591279,54645,48110,1221602,33632
591280,592287,56585,50289,1409787,35212
592288,593295,49438,44130,912110,28208
593296,594303,47396,42548,940762,27476
594304,595311,53046,47776,1072219,32873
595312,596319,50062,44406,623459,29375
596320,597327,52850,46541,560178,30069
597328,598335,48070,43792,471149,27896
598336,599343,47408,42363,615226,28214
599344,600351,60314,52703,836703,36149
600352,601359,67230,58342,662859,38814
601360,602367,68384,61304,810047,41503
602368,603375,61994,54586,703024,35819
603376,604383,63777,56315,750160,38111
604384,605391,73023,60210,719653,39579
605392,606399,50378,44738,493543,29097
606400,607407,51585,45680,424366,29031
607408,608415,57167,51152,508893,32938
608416,609423,51707,46013,362563,28400
609424,610431,52583,46829,504558,30213
610432,611439,46954,42457,503556,26797
611440,612447,59187,52816,594137,33886
612448,613455,60799,54713,690495,35828
613456,614463,53105,47166,406338,30467
614464,615471,58187,50915,464032,33413
615472,616479,64842,56664,746480,38280
616480,617487,69315,60541,705131,38765
617488,618495,69160,57832,621734,37984
618496,619503,70248,60832,591921,40608
619504,620511,63506,54709,549950,35820
620512,621519,75322,63885,612419,40383
621520,622527,76846,67220,397885,41011
622528,623535,61483,54076,404678,33158
623536,624543,57823,49918,479734,32120
624544,625551,57338,48583,504373,31556
625552,626559,62802,52309,409419,34061
626560,627567,73283,61192,515579,40693
627568,628575,73244,60347,479260,39899
628576,629583,65450,56333,423685,38031
629584,630591,66648,56748,423602,37586
630592,631599,63920,55550,373262,36616
631600,632607,63689,54863,457983,36470
632608,633615,59214,50081,400553,34237
633616,634623,54982,44982,356072,30295
634624,635631,56453,46773,380366,31656
635632,636639,58396,48274,389863,33137
636640,637647,57572,46964,390640,31608
637648,638655,57830,47345,359308,32076
638656,639663,58032,48519,316493,32683
639664,640671,58803,51195,294202,33889
640672,641679,61242,52501,315354,34519
641680,642687,59679,50848,379960,34238
642688,643695,61432,48580,439543,32766
643696,644703,57107,48204,451513,31437
644704,645711,57616,48524,596022,31412
645712,646719,60064,49621,345952,31459
646720,647727,51580,44471,308977,28099
647728,648735,48174,41360,294923,27072
648736,649743,53798,45242,376490,29979
649744,650751,52133,43972,308955,28650
650752,651759,51652,43595,301529,27760
651760,652767,46255,40187,270590,25200
652768,653775,45683,40004,263004,26093
653776,654783,50194,44768,260490,28973
654784,655791,45996,42009,232051,25806
655792,656799,43656,38342,299176,25020
656800,657807,43230,38021,327384,25334
657808,658815,41088,37538,276785,23530
658816,659823,41555,38542,269104,24119
659824,660831,44232,41350,365603,26793
660832,661839,42350,39613,305280,24730
661840,662847,40897,37860,217151,23445
662848,663855,46328,41546,360886,27223
663856,664863,46733,42023,397226,27183
664864,665871,39985,36054,247125,22256
665872,666879,43199,39287,316677,25785
666880,667887,44100,39793,315892,25140
667888,668895,47109,42964,336735,26949
668896,669903,46483,41769,336418,26664
669904,670911,46065,41025,325234,26771
670912,671919,49702,43687,294165,27691
671920,672927,47689,42989,419722,27971
672928,673935,46594,42185,437055,26922
673936,674943,46227,41613,422436,26747
674944,675951,44615,39537,448603,26384
675952,676959,45644,40702,515201,27608
676960,677967,53992,46267,537992,30325
677968,678975,58796,49600,551789,33038
678976,679983,57420,49269,407748,31696
679984,680991,44366,38881,320408,25106
680992,681999,33584,30024,228447,18485
682000,683007,36570,31957,306128,20391
683008,684015,48654,41579,496017,27499
684016,685023,58913,49389,394474,31082
685024,686031,41543,35677,377084,23597
686032,687039,40810,35277,472481,24493
687040,688047,42314,37291,511342,25414
688048,689055,52974,46916,618433,31981
689056,690063,47200,40741,494821,27926
690064,691071,38012,33444,487050,23632
691072,692079,39608,34861,499652,24464
692080,693087,32774,28151,401582,19429
693088,694095,17422,15348,212343,10386
694096,695103,35109,30973,458783,21463
695104,696111,33323,29269,402935,20244
696112,697119,35299,31255,495502,21231
697120,698127,39776,35220,825675,24491
698128,699135,42054,37271,660192,25541
699136,700143,42187,37417,625303,25165
700144,701151,39619,35982,602798,24435
701152,702159,39797,35759,625296,24291
702160,703167,41404,36993,717839,24947
703168,704175,40709,36445,710258,25506
704176,705183,42570,36900,766320,25609
705184,706191,42031,37047,782269,25902
706192,707199,43132,37101,925971,26738
707200,708207,43824,37955,775480,27075
708208,709215,42925,37112,752965,26645
709216,710223,41532,35985,791446,25921
710224,711231,46500,40348,924399,28464
711232,712239,49772,41387,971565,29268
712240,713247,38926,34570,589149,23681
713248,714255,39898,36435,714383,25119
714256,715263,41213,37599,1643075,27136
715264,716271,36202,32983,722631,23490
716272,717279,35272,31014,622114,21760
717280,718287,40587,36216,625226,25309
718288,719295,34560,30598,573223,21385
719296,720303,39821,35573,616934,24839
720304,721311,38502,34100,636594,23824
721312,722319,36847,31979,659482,22607
722320,723327,33426,28003,519398,18883
723328,724335,34908,31035,644575,21619
724336,725343,40056,35186,747624,24833
725344,726351,37952,33586,697090,23663
726352,727359,34718,30957,623755,21864
727360,728367,34659,30722,671867,21742
728368,729375,37093,32990,731034,23238
729376,730383,38665,34020,866879,24503
730384,731391,34297,30671,770471,22193
731392,732399,32671,29562,701229,21118
732400,733407,32629,29735,693135,21361
733408,734415,31958,28876,650985,21174
734416,735423,30321,27969,575597,19937
735424,736431,35539,32819,356336,20610
736432,737439,36496,33492,582788,21846
737440,738447,34014,31154,563737,20823
738448,739455,34498,31090,593706,21020
739456,740463,32566,29778,515383,19610
740464,741471,40802,37363,426816,24104
741472,742479,33045,30076,455015,20031
742480,743487,32452,29593,447743,19523
743488,744495,31559,28909,419522,19418
744496,745503,32077,29721,477589,19932
745504,746511,31233,28428,459004,19416
746512,747519,32429,29412,466947,20018
747520,748527,30914,27559,448704,18632
748528,749535,35394,32268,531563,21196
749536,750543,32290,29944,462388,19254
750544,751551,30323,27876,367749,17536
751552,752559,32578,29858,346188,18935
752560,753567,37187,34062,1737500,24548
753568,754575,32077,28834,428576,19818
754576,755583,33170,30662,385848,19853
755584,756591,31100,28525,336796,18891
756592,757599,27728,25497,360682,17421
757600,758607,27369,25147,316057,16644
758608,759615,28027,25687,294075,17079
759616,760623,30670,28390,346168,18625
760624,761631,33457,30385,388615,20174
761632,762639,38551,34916,366149,21824
762640,763647,34068,31125,207677,18042
763648,764655,34219,31633,231441,18917
764656,765663,37439,34643,304220,21423
765664,766671,32315,29494,261086,18292
766672,767679,32727,29611,241223,18084
767680,768687,35278,32055,301236,20659
768688,769695,32851,29853,288680,19560
769696,770703,26871,24554,215744,15999
770704,771711,28869,25935,220153,16664
771712,772719,31982,29262,348492,19653
772720,773727,33062,29432,361656,20400
773728,774735,35528,31777,404170,22251
774736,775743,33393,30312,376169,20862
775744,776751,27312,25702,206639,16676
776752,777759,25689,23737,233311,15617
777760,778767,29628,27640,334079,18325
778768,779775,28783,26924,349972,18074
779776,780783,31465,29336,285306,18763
780784,781791,30613,28812,306199,18638
781792,782799,26624,25078,255817,16337
782800,783807,32647,29741,473402,20435
783808,784815,31808,28443,471110,19978
784816,785823,31021,28277,453791,19966
785824,786831,33393,28759,420393,20048
786832,787839,41050,29116,385550,20028
787840,788847,38944,26184,328170,17694
788848,789855,37381,22598,336494,15365
789856,790863,34590,23206,348487,15819
790864,791871,34397,27468,1012610,19578
791872,792879,34147,28790,942796,20566
792880,793887,30890,26341,381661,17291
793888,794895,28605,23845,727240,17215
794896,795903,29007,25145,1071177,18429
795904,796911,27145,22999,521545,16573
796912,797919,28172,21457,564059,15979
797920,798927,34529,25833,929745,19402
798928,799935,33353,25133,939909,18880
799936,800943,34782,25348,777833,19043
800944,801951,31877,23241,412665,16952
801952,802959,30662,22282,383614,16134
802960,803967,32486,21449,308631,15211
803968,804975,40446,22766,356293,16134
804976,805983,34221,23788,338152,16805
805984,806991,37633,21515,228146,14262
806992,807999,36825,20966,237226,14447
808000,809007,34253,21179,519250,15262
809008,810015,25722,21997,373968,15882
810016,811023,24785,22119,337451,16293
811024,812031,23741,21266,247482,15920
812032,813039,31804,26877,342110,20762
813040,814047,33556,26831,554289,20273
814048,815055,31668,24347,723396,17995
815056,816063,37232,25807,1255730,18300
816064,817071,37086,25516,1181216,17182
817072,818079,35593,23773,1514622,16384
818080,819087,34079,25007,1370135,17116
819088,820095,35099,26433,668124,17726
820096,821103,34536,28223,1302403,20289
821104,822111,35616,24413,1183985,17730
822112,823119,34856,22996,1434242,17199
823120,824127,31719,24677,2100209,18932
824128,825135,29231,23003,683922,16003
825136,826143,29611,21075,885144,13873
826144,827151,35332,26724,2066171,18800
827152,828159,31481,18029,435642,12341
828160,829167,26552,21485,786589,14501
829168,830175,24953,22207,839669,14807
830176,831183,28352,24526,600415,16446
831184,832191,32971,28062,1107298,20303
832192,833199,29950,26534,760670,18095
833200,834207,30882,21975,699614,14575
834208,835215,30579,24229,790881,15976
835216,836223,25628,22609,725202,15732
836224,837231,27665,20201,564730,14218
837232,838239,25042,20905,696329,15561
838240,839247,27627,22304,1015762,16535
839248,840255,27511,23830,685732,17179
840256,841263,38233,30452,1198492,22987
841264,842271,28905,26210,796830,19662
842272,843279,30915,28540,1226737,22038
843280,844287,30925,29097,1673889,22958
844288,845295,28980,27282,1509306,21314
845296,846303,31641,29203,1797759,22664
846304,847311,26660,24595,1288224,19748
847312,848319,25880,24586,1322354,19413
848320,849327,29954,27939,2717229,22749
849328,850335,28900,27753,3789770,22579
850336,851343,28004,26534,2756521,21917
851344,852351,35223,33760,8810433,29489
852352,853359,35569,34000,10714455,29604
853360,854367,43533,41745,23888505,37710
854368,855375,35208,33694,12162379,28503
855376,856383,55785,51499,30660123,45702
856384,857391,56037,52575,59540388,47718
857392,858399,94252,91513,155325976,86626
858400,859407,72239,70326,70536472,65257
859408,860415,63314,61818,64305596,56619
860416,861423,56764,55518,46876814,49826
861424,862431,30669,28914,7680694,23542
862432,863439,39690,37471,15128198,32035
863440,864447,37870,36080,12596639,30978
864448,865455,39462,38330,5478826,33463
865456,866463,40335,38184,3516734,32464
866464,867471,36127,34722,3313231,29327
867472,868479,38522,37280,20527065,32198
868480,869487,33314,32037,13863427,26525
869488,870495,28613,26139,1704766,19306
870496,871503,29423,26086,1637692,20226
871504,872511,30884,25796,1547835,19469
872512,873519,28762,25735,2382690,19403
873520,874527,30692,25759,1095918,19640
874528,875535,28729,23803,987019,18422
875536,876543,29572,23865,816225,18834
876544,877551,30790,23698,828029,19604
877552,878559,38724,29431,1856795,25108
878560,879567,31737,24356,766959,19814
879568,880575,27741,25062,1408588,19594
880576,881583,29390,26809,2174360,21772
881584,882591,26712,22515,735553,16998
882592,883599,27985,22062,769159,17085
883600,884607,37486,28240,13150442,23406
884608,885615,44142,34776,6126837,29783
885616,886623,35858,28893,755321,22742
886624,887631,35285,27816,842887,22750
887632,888639,33926,26817,784595,21938
888640,889647,35337,26743,997378,22051
889648,890655,33249,26668,1362362,22004
890656,891314,17180,13727,389004,10928
